source_id,ra,dec,parallax,pmra,pmdec,ruwe,phot_g_mean_mag,bp_rp,radial_velocity,phot_variable_flag,non_single_star,has_xp_continuous,has_xp_sampled,has_rvs,has_epoch_photometry,has_epoch_rv,has_mcmc_gspphot,has_mcmc_msc,teff_gspphot,logg_gspphot,mh_gspphot,distance_gspphot,azero_gspphot,ag_gspphot,ebpminrp_gspphot
3017361005306556672,83.82596258272798,-5.403551931722953,,,,,18.629345,0.5407028,,"NOT_AVAILABLE",0,false,false,false,false,false,false,false,,,,,,,
3017361005306713088,83.82638062651935,-5.410810732727935,,,,,18.219671,,,"NOT_AVAILABLE",0,false,false,false,false,false,false,false,,,,,,,
3017364127743283584,83.81215678344145,-5.377558199993483,2.334584607463065,1.9248319935810443,-0.3924443248432756,1.450466,13.082761,1.2425165,,"NOT_AVAILABLE",0,true,true,false,false,false,false,true,,,,,,,
3017360936594551040,83.83267348571445,-5.413300281414134,2.715128709054078,1.0484412763593585,2.6292259854457667,0.60542446,16.232708,0.75882244,,"NOT_AVAILABLE",0,true,false,false,false,false,false,true,,,,,,,
3017360936597439232,83.83121624430186,-5.415127259249056,,,,,20.310165,,,"NOT_AVAILABLE",0,false,false,false,false,false,false,false,,,,,,,
3017360970946141952,83.82134077703611,-5.416303067285384,2.4720758547786112,1.1070331532452695,-0.6254278050211556,0.6783812,16.295652,0.7719021,,"NOT_AVAILABLE",0,true,false,false,false,false,false,true,,,,,,,
3017360970947016064,83.81746116375908,-5.41568145642882,,,,,15.9715605,0.78958225,,"NOT_AVAILABLE",0,true,false,false,false,false,false,false,,,,,,,
3017360970954155008,83.81636933303604,-5.412659558480573,,,,,20.802914,,,"NOT_AVAILABLE",0,false,false,false,false,false,false,false,,,,,,,
3017360970954173568,83.81646842919073,-5.409393370975391,,,,,20.561693,0.65011597,,"NOT_AVAILABLE",0,false,false,false,false,false,false,false,,,,,,,
3017360970954300032,83.81756587958095,-5.415577594545908,,,,,16.832056,,,"NOT_AVAILABLE",0,false,false,false,false,false,false,false,,,,,,,
3017360970957167616,83.82088820147541,-5.4133275475201845,,,,,20.450342,0.6972933,,"NOT_AVAILABLE",0,false,false,false,false,false,false,false,,,,,,,
3017360970957170816,83.82066521002419,-5.417240284054534,,,,,20.724003,,,"NOT_AVAILABLE",0,false,false,false,false,false,false,false,,,,,,,
3017360970957208064,83.82150001350452,-5.417244882908639,,,,,19.952925,0.6574869,,"NOT_AVAILABLE",0,false,false,false,false,false,false,false,,,,,,,
3017360970957215872,83.82107153619266,-5.413405539522239,,,,,19.738873,0.6365118,,"NOT_AVAILABLE",0,false,false,false,false,false,false,false,,,,,,,
3017361001006985216,83.82696597967599,-5.401941239583647,2.437887362669525,1.2800422746419233,0.7452618678179772,0.6866068,15.332566,0.8083668,,"NOT_AVAILABLE",0,true,false,false,false,false,false,true,,,,,,,
3017361001006988416,83.83191970296282,-5.4073940600036625,2.5354315742366555,1.3768543904186097,-0.9967024112864005,0.69597614,14.400704,0.9147949,,"NOT_AVAILABLE",0,true,true,false,false,false,false,true,,,,,,,
3017361005300535552,83.8158649475155,-5.407908147262443,,,,,20.236969,,,"NOT_AVAILABLE",0,false,false,false,false,false,false,false,,,,,,,
3017361005303777280,83.81721563616745,-5.407129723303261,,,,,19.498436,,,"NOT_AVAILABLE",0,false,false,false,false,false,false,false,,,,,,,
3017361005306507264,83.82530353402949,-5.400310943164196,2.448788109263586,1.2173025286718004,0.5229972642826086,0.6018127,15.96848,0.7055979,,"NOT_AVAILABLE",0,true,false,false,false,false,false,true,,,,,,,
3017361005306552064,83.82871585237726,-5.404854211859945,2.9332898452622027,1.3707054500051603,0.40533575096373037,0.28784892,17.42663,0.62898064,,"NOT_AVAILABLE",0,true,false,false,false,false,false,true,,,,,,,
3017361005306723072,83.82390401161928,-5.412137629231466,2.675444493980165,1.842450357528228,-0.0602891886672715,0.34236556,17.328142,0.5716696,,"NOT_AVAILABLE",0,true,false,false,false,false,false,true,,,,,,,
3017361005313828864,83.81690074605105,-5.406643882940376,,,,,19.721155,,,"NOT_AVAILABLE",0,false,false,false,false,false,false,false,,,,,,,
3017361005313830272,83.82283707876739,-5.404822160957694,2.6341541822373795,1.595162480980601,0.1511244879848908,0.43197513,17.237757,0.5692682,,"NOT_AVAILABLE",0,true,false,false,false,false,false,true,,,,,,,
3017361005313870592,83.82373825301954,-5.415022119416684,2.5734051253839474,1.2215599966567785,-0.20176650854249165,0.5197439,16.567236,0.67657375,,"NOT_AVAILABLE",0,true,false,false,false,false,false,true,,,,,,,
3017361005313893760,83.81879307948131,-5.409950372349468,,,,,20.334034,0.55216503,,"NOT_AVAILABLE",0,false,false,false,false,false,false,false,,,,,,,
3017361005313980544,83.81932483482603,-5.411209863253251,,,,,20.222462,0.671154,,"NOT_AVAILABLE",0,false,false,false,false,false,false,false,,,,,,,
3017361005314013056,83.8263891194683,-5.401345037134328,2.8263986809687496,1.78164888302882,0.12465218236363734,0.7205981,16.295256,0.7302923,,"NOT_AVAILABLE",0,false,false,false,false,false,false,true,,,,,,,
3017361005314028800,83.82588729379313,-5.40841407144859,2.278749899046757,0.8162832216551571,2.502142651311587,0.43224385,17.191715,0.59297466,,"NOT_AVAILABLE",0,true,false,false,false,false,false,true,,,,,,,
3017361005314031104,83.82619029644617,-5.410792723541898,1.6197191492277638,-0.19957290331371597,0.7036984512007611,0.50122774,17.475025,0.6269388,,"NOT_AVAILABLE",0,true,false,false,false,false,false,true,,,,,,,
3017361005314032256,83.82423526017698,-5.4113916551509424,2.5478641037055545,1.7463866167314315,-0.340660229831267,0.7914717,18.372046,0.6181898,,"NOT_AVAILABLE",0,false,false,false,false,false,false,false,,,,,,,
3017361005316899328,83.81857970630867,-5.409257131125386,,,,,19.830715,0.09464741,,"NOT_AVAILABLE",0,false,false,false,false,false,false,false,,,,,,,
3017361005316899968,83.82004674714204,-5.41075187442728,,,,,20.38752,0.52750015,,"NOT_AVAILABLE",0,false,false,false,false,false,false,false,,,,,,,
3017361005316901120,83.81950110564217,-5.408771192372618,,,,,19.689854,1.0157585,,"NOT_AVAILABLE",0,false,false,false,false,false,false,false,,,,,,,
3017361005316903296,83.81982507284727,-5.411144568540688,,,,,20.00078,,,"NOT_AVAILABLE",0,false,false,false,false,false,false,false,,,,,,,
3017361005316937216,83.8157609220254,-5.406854526392158,2.578964107503093,3.5555809712385322,1.7184863201027525,1.4672865,16.837124,0.71439934,,"NOT_AVAILABLE",0,true,false,false,false,false,false,true,,,,,,,
3017361005316956288,83.8151633053965,-5.4073000808276825,,,,,20.465582,0.7254667,,"NOT_AVAILABLE",0,false,false,false,false,false,false,false,,,,,,,
3017361005316956416,83.81674836036834,-5.40649061617031,,,,,19.888906,0.8119755,,"NOT_AVAILABLE",0,false,false,false,false,false,false,false,,,,,,,
3017361005316968576,83.82516891560755,-5.400855394499222,,,,,17.593992,,,"NOT_AVAILABLE",0,false,false,false,false,false,false,false,,,,,,,
3017361005316978176,83.82633449812424,-5.405319026839221,,,,,19.564598,0.5190687,,"NOT_AVAILABLE",0,false,false,false,false,false,false,false,,,,,,,
3017361005316981120,83.82660096762943,-5.407430454934524,3.9961871025610067,2.1290180345020646,-2.6426049023344635,3.1935418,16.908754,0.65039635,,"NOT_AVAILABLE",0,true,false,false,false,false,false,false,,,,,,,
3017361005316981248,83.82195779698232,-5.406724887834747,2.9023347503196675,0.3454822625025296,-0.6100588600971667,0.8887963,16.644169,0.589015,,"NOT_AVAILABLE",0,true,false,false,false,false,false,true,,,,,,,
3017361005316981888,83.82247009627778,-5.403868516995628,2.427896099237991,-0.09835666536540959,-1.0999798967521974,1.1611385,17.553223,0.6446848,,"NOT_AVAILABLE",0,false,false,false,false,false,false,true,,,,,,,
3017361005316983040,83.82425212875138,-5.408500621147814,2.288486526222966,1.4647336974120844,-2.5559847489156207,0.7406628,17.212828,0.6063509,,"NOT_AVAILABLE",0,true,false,false,false,false,false,true,,,,,,,
3017364127743285376,83.81359715150082,-5.38246297049439,2.431629427810543,2.273709660397339,0.01242345615211064,1.1834528,12.754051,1.1676064,,"NOT_AVAILABLE",0,true,true,false,false,false,false,true,,,,,,,
3017361039666175104,83.84348317444876,-5.403742371243474,3.005614275855464,2.6936430345686744,-0.06024478426620038,0.4517231,17.830648,,,"NOT_AVAILABLE",0,false,false,false,false,false,false,false,,,,,,,
3017361039673476224,83.84302969403024,-5.403963397985975,2.4924795558370954,1.5517026346134306,-0.5389081503320997,1.0024182,14.859428,0.7538338,,"NOT_AVAILABLE",0,true,true,false,false,false,false,true,,,,,,,
3017361039676491392,83.84215468168449,-5.405632750507202,1.1031046288024047,1.6509886891342846,-1.457922247483507,1.0382388,17.944786,0.668602,,"NOT_AVAILABLE",0,false,false,false,false,false,false,true,,,,,,,
3017364127743286272,83.81388903465981,-5.373611049677991,,,,,17.169113,,,"NOT_AVAILABLE",0,false,false,false,false,false,false,false,,,,,,,
3017361104086334080,83.83527050562812,-5.391611127408067,2.4387034950119495,0.5565523294611143,1.0214300086354362,1.3857468,14.633403,1.2354345,,"NOT_AVAILABLE",0,true,true,false,false,false,false,true,,,,,,,
3017361104086334976,83.83615317464182,-5.3981209714737055,2.6573233925851265,2.04874092976811,0.16835836892743666,0.35960743,16.117193,0.6870384,,"NOT_AVAILABLE",0,true,false,false,false,false,false,true,,,,,,,
3017361104086337536,83.83903255482565,-5.395948111197303,2.685365655768198,2.036067853758338,1.740792512149109,1.1356609,14.645139,0.9049921,,"NOT_AVAILABLE",0,false,false,false,false,false,false,true,,,,,,,
3017361108385467136,83.83714724676591,-5.389397221479073,2.621510170081607,0.6225197088830542,0.16004361928625108,0.7527668,17.050268,0.8521795,,"NOT_AVAILABLE",0,true,false,false,false,false,false,true,,,,,,,
3017361108385484800,83.83825046085887,-5.392540962070864,3.0870202316342117,2.665645120291848,1.5285294482511051,0.50990176,17.81231,0.6746464,,"NOT_AVAILABLE",0,false,false,false,false,false,false,false,,,,,,,
3017361108385493888,83.84053178841582,-5.396767170129385,,,,,18.720562,0.54989815,,"NOT_AVAILABLE",0,false,false,false,false,false,false,false,,,,,,,
3017361108385499520,83.83542418637549,-5.392016110149293,,,,,18.701,,,"NOT_AVAILABLE",0,false,false,false,false,false,false,false,,,,,,,
3017361108385508480,83.838783544252,-5.396131735856097,,,,,18.007685,,,"NOT_AVAILABLE",0,false,false,false,false,false,false,false,,,,,,,
3017361108385556352,83.82783050115701,-5.399015353415668,2.6183229321896078,1.7365716612538147,0.039344271365974695,0.55758697,17.180853,0.80352783,,"NOT_AVAILABLE",0,false,false,false,false,false,false,true,,,,,,,
3017361108385638272,83.83886712788075,-5.40318482455805,2.3876540273618305,1.0981944915830957,1.1218907598555223,0.8965106,15.645624,0.74594116,,"NOT_AVAILABLE",0,true,false,false,false,false,false,true,,,,,,,
3017361108385649024,83.83833951029818,-5.400055078048027,2.6252019808295133,2.043014595166896,-1.2522575405020426,0.429475,18.358576,0.6066818,,"NOT_AVAILABLE",0,false,false,false,false,false,false,false,,,,,,,
3017361108392943488,83.84395477149512,-5.395467675686255,2.5044923794948803,1.8785342861098246,2.043102478262245,0.86029655,14.397565,0.93518734,,"NOT_AVAILABLE",0,true,true,false,false,false,false,true,,,,,,,
3017361108392946048,83.840724005802,-5.394253393927797,2.431851175099068,-0.11450894311431167,0.0956205006869722,0.77826583,16.46831,0.6999817,,"NOT_AVAILABLE",0,true,false,false,false,false,false,true,,,,,,,
3017361108392950016,83.84086616061991,-5.398297267424659,2.5864508005435596,1.2506704453104214,1.4804175695718786,1.1490941,12.66067,1.2133808,,"NOT_AVAILABLE",0,true,true,false,false,false,false,true,,,,,,,
3017361108392954112,83.8375927288572,-5.398812850413065,2.9508353357057686,2.1233021308788778,-1.080988712994235,0.49100116,17.760927,0.6393957,,"NOT_AVAILABLE",0,false,false,false,false,false,false,false,,,,,,,
3017361108392966912,83.83172548182417,-5.399260897570211,2.619965792943785,2.2570773738290506,-1.699233674606067,0.6165452,15.940139,0.691659,,"NOT_AVAILABLE",0,true,false,false,false,false,false,true,,,,,,,
3017361108392968064,83.82947069363344,-5.397127267020139,2.058015404305752,4.409198823190828,-1.9223123342568758,2.2837398,14.711615,0.83943176,,"NOT_AVAILABLE",0,true,true,false,false,false,false,true,,,,,,,
3017361108392968192,83.83303941691992,-5.400725797996884,,,,,17.01074,0.77832985,,"NOT_AVAILABLE",0,false,false,false,false,false,false,false,,,,,,,
3017361108393218816,83.83559786568756,-5.4058120007098625,2.781309857041483,0.6728040049460595,0.015217878341517652,0.42906037,16.747477,0.7733507,,"NOT_AVAILABLE",0,false,false,false,false,false,false,true,,,,,,,
3017361108393637120,83.83770561893832,-5.396945625769692,2.5234456489673147,0.43748671282297785,0.7900072258790622,3.2311814,11.744829,1.4246302,,"NOT_AVAILABLE",0,true,true,false,false,false,false,true,,,,,,,
3017361108395955072,83.8411940751281,-5.398758862796972,2.671183553769447,2.2540164320519342,1.277033880849199,1.4022436,16.291075,1.2908697,,"NOT_AVAILABLE",0,false,false,false,false,false,false,true,,,,,,,
3017361108395974272,83.82852355266401,-5.399945544820606,,,,,20.30678,,,"NOT_AVAILABLE",0,false,false,false,false,false,false,false,,,,,,,
3017361108395974912,83.82948618975607,-5.400402745540053,,,,,20.202997,,,"NOT_AVAILABLE",0,false,false,false,false,false,false,false,,,,,,,
3017361138446078336,83.84102507868428,-5.385115188559208,2.6674228297845968,2.0627526272014585,1.8078418918085508,0.8867875,18.470818,0.9080086,,"NOT_AVAILABLE",0,false,false,false,false,false,false,false,,,,,,,
3017361138446083456,83.84501201487478,-5.387055499579084,2.460789145054964,1.846687406697404,0.15316825476393398,0.864613,16.144857,1.054327,,"NOT_AVAILABLE",0,true,false,false,false,false,false,true,,,,,,,
3017361142752675200,83.84081530502482,-5.386296574520333,2.482584609915951,1.6135076614292805,-0.19209800849469655,0.64512146,16.518913,1.2429562,,"NOT_AVAILABLE",0,false,false,false,false,false,false,true,,,,,,,
3017361142752677376,83.83959642620191,-5.387966123092677,2.721193031190987,1.6278671549719064,0.20364473908480596,0.634171,16.931734,1.011219,,"NOT_AVAILABLE",0,false,false,false,false,false,false,true,,,,,,,
3017361142755678464,83.84011271561764,-5.390487439722097,3.212695797546228,1.9961164952167771,0.2596758896346494,1.0629656,18.604185,0.7093687,,"NOT_AVAILABLE",0,false,false,false,false,false,false,false,,,,,,,
3017363921584733312,83.80949283530093,-5.406854720590623,2.5825045193126637,1.2597223317909634,-0.5187376317637656,1.8535236,12.899689,1.2854776,,"NOT_AVAILABLE",0,true,true,false,false,false,false,true,,,,,,,
3017363925878305792,83.8087241808175,-5.405762783948462,,,,,19.947792,,,"NOT_AVAILABLE",0,false,false,false,false,false,false,false,,,,,,,
3017363925891624320,83.81350106645851,-5.408060246074651,,,,,20.447256,0.55351543,,"NOT_AVAILABLE",0,false,false,false,false,false,false,false,,,,,,,
3017363925891918720,83.79856690174842,-5.405959957284108,2.1740863046707632,2.5575985299718145,0.6081528380425337,0.8172815,16.569145,0.6569662,,"NOT_AVAILABLE",0,true,false,false,false,false,false,true,,,,,,,
3017363925892195200,83.80802904058622,-5.407013511943602,,,,,19.472916,0.5718336,,"NOT_AVAILABLE",0,false,false,false,false,false,false,false,,,,,,,
3017363925892196480,83.80671490470903,-5.4071559912093345,2.483301527591757,0.9883252744423456,-2.22128149011281,0.82750976,15.201519,0.8177128,,"NOT_AVAILABLE",0,true,false,false,false,false,false,true,,,,,,,
3017363925892203136,83.80052296310373,-5.409382416687098,,,,,18.48357,0.5777426,,"NOT_AVAILABLE",0,false,false,false,false,false,false,false,,,,,,,
3017363955944478976,83.81986174575565,-5.4011780668792415,1.7407527596177805,0.13704693295491224,1.0102836624957654,2.7006907,12.91065,1.3109283,,"NOT_AVAILABLE",0,true,true,false,false,false,false,true,,,,,,,
3017363955944591872,83.8122213343957,-5.3913877729897655,2.171990047592252,0.2509425185280952,1.318372997995947,0.589754,16.050678,0.7519684,,"NOT_AVAILABLE",0,false,false,false,false,false,false,true,,,,,,,
3017363955944596224,83.81467851101038,-5.393718322604109,,,,,16.03894,0.7089195,,"NOT_AVAILABLE",0,false,false,false,false,false,false,false,,,,,,,
3017363955944598016,83.81646336476675,-5.397229730069477,2.21666079919588,0.5169586073499223,-1.8805522398035475,6.844031,11.971803,1.5297518,,"NOT_AVAILABLE",0,true,true,false,false,false,false,true,,,,,,,
3017363960237919616,83.81229137564995,-5.3942309845692735,2.3188246427957315,0.869169819219945,-0.3610677670717165,1.2190574,13.438087,0.9597578,,"NOT_AVAILABLE",0,true,true,false,false,false,false,true,,,,,,,
3017363960238039680,83.81355652550663,-5.405860875359924,,,,,20.252161,1.4648724,,"NOT_AVAILABLE",0,false,false,false,false,false,false,false,,,,,,,
3017363960238504320,83.81705685755182,-5.403187503818717,2.5919420206844017,-0.7538299059379799,-0.7970452024731289,0.44238216,16.23795,0.8022604,,"NOT_AVAILABLE",0,true,false,false,false,false,false,true,,,,,,,
3017363960240472960,83.81568908377405,-5.403188832235408,,,,,18.371796,0.9216318,,"NOT_AVAILABLE",0,false,false,false,false,false,false,false,,,,,,,
3017363960241957760,83.81908632801694,-5.401676856930045,2.0018925489364974,0.14940972693714535,1.2150847867236372,0.62120444,15.992051,0.91998005,,"NOT_AVAILABLE",0,true,false,false,false,false,false,true,,,,,,,
3017363960241964032,83.81434928020994,-5.395964205202515,2.719521227140626,2.871763676457185,-0.9985097031917511,0.8079315,14.883596,0.8222046,,"NOT_AVAILABLE",0,false,false,false,false,false,false,true,,,,,,,
3017363960242772608,83.81224586950792,-5.398328735655596,,,,,17.89076,0.79031754,,"NOT_AVAILABLE",0,false,false,false,false,false,false,false,,,,,,,
3017363960243998208,83.8248635450752,-5.398196998370096,,,,,19.578102,0.57264805,,"NOT_AVAILABLE",0,false,false,false,false,false,false,false,,,,,,,
3017363960246048384,83.82108366427607,-5.39437666537719,2.554384676909821,0.24007784374214403,0.01402701618067826,0.6779133,15.083577,0.90170956,,"NOT_AVAILABLE",0,false,false,false,false,false,false,true,,,,,,,
3017363960246056064,83.81668342191298,-5.39805222236744,2.315446000850616,2.877940668894919,-0.9747636903702045,0.98887086,14.035638,1.1245317,,"NOT_AVAILABLE",0,false,false,false,false,false,false,true,,,,,,,
3017363960251327232,83.81387406771833,-5.404778873049212,,,,,20.220041,,,"NOT_AVAILABLE",0,false,false,false,false,false,false,false,,,,,,,
3017363960251335424,83.80855876626886,-5.394014280766495,2.4630853446813226,2.5564873674969903,0.9608565679020091,0.5784394,13.862302,0.91900253,,"NOT_AVAILABLE",0,true,true,false,false,false,false,true,,,,,,,
3017363960251388288,83.81317706401744,-5.396296897829705,2.5111332128509254,3.326775093672626,-0.4596993726907281,0.60764474,15.84747,0.7821884,,"NOT_AVAILABLE",0,true,false,false,false,false,false,true,,,,,,,
3017363960251408640,83.81824448037594,-5.4009302529437315,2.4697160267802087,2.7732564947478506,-0.2523354556951776,1.2163177,13.208204,1.2269554,,"NOT_AVAILABLE",0,true,true,false,false,false,false,true,,,,,,,
3017363960251430272,83.81209088738647,-5.397700889999376,,,,,18.851357,,,"NOT_AVAILABLE",0,false,false,false,false,false,false,false,,,,,,,
3017363960251432576,83.812457660596,-5.397976484857841,,,,,17.853552,0.7830944,,"NOT_AVAILABLE",0,false,false,false,false,false,false,false,,,,,,,
3017363960251436032,83.8150716281334,-5.400855010569228,2.5040263824693425,1.4127396335614992,-1.5682913353153367,0.9874609,13.652496,1.1320705,,"NOT_AVAILABLE",0,false,false,false,false,false,false,true,,,,,,,
3017363960251436544,83.81205821509339,-5.403268399521597,2.5238789749555406,-0.6759640029373506,0.12118358153472052,0.44096017,16.148521,0.96615124,,"NOT_AVAILABLE",0,false,false,false,false,false,false,true,,,,,,,
3017363960251453440,83.81731206385007,-5.402890135179153,,,,,19.533358,,,"NOT_AVAILABLE",0,false,false,false,false,false,false,false,,,,,,,
3017363960251453568,83.81267105011773,-5.398456489892905,,,,,17.65272,,,"NOT_AVAILABLE",0,false,false,false,false,false,false,false,,,,,,,
3017363960251453952,83.81314072948706,-5.398109846981447,,,,,18.461996,,,"NOT_AVAILABLE",0,false,false,false,false,false,false,false,,,,,,,
3017363960251507712,83.81555554965772,-5.389581423391546,2.4449481714844348,2.540337027761388,-0.9070583748818307,0.7988692,13.872111,0.8988962,,"NOT_AVAILABLE",0,false,false,false,false,false,false,true,,,,,,,
3017363960251514880,83.8224454090969,-5.400073013540897,1.8048230505431846,1.1515844908802786,-1.3210999147499138,0.29963568,17.406746,0.74519825,,"NOT_AVAILABLE",0,true,false,false,false,false,false,true,,,,,,,
3017363960251927936,83.81408574659484,-5.392604204640558,2.3692334196376335,0.4497251564919544,0.41901908252617404,0.46864626,15.996441,0.71268845,,"NOT_AVAILABLE",0,true,false,false,false,false,false,true,,,,,,,
3017363960251929472,83.80644690973142,-5.396558836561432,,,,,19.952845,0.6410866,,"NOT_AVAILABLE",0,false,false,false,false,false,false,false,,,,,,,
3017363960252289664,83.81401035115518,-5.390029802815901,,,,,17.635056,0.64022064,,"NOT_AVAILABLE",0,false,false,false,false,false,false,false,,,,,,,
3017363960252857600,83.81375683140529,-5.389771006268646,,,,,17.76992,,,"NOT_AVAILABLE",0,false,false,false,false,false,false,false,,,,,,,
3017363960253005056,83.81627640669275,-5.393879717935628,,,,,16.926985,0.7346411,,"NOT_AVAILABLE",0,false,false,false,false,false,false,false,,,,,,,
3017363960254399872,83.81445982327283,-5.40316603967883,,,,,19.53535,,,"NOT_AVAILABLE",0,false,false,false,false,false,false,false,,,,,,,
3017363960254400128,83.81176171881329,-5.396229084003181,2.0928847820711938,-0.9788045646051856,-0.5930489360000446,0.96819997,16.080534,0.77197456,,"NOT_AVAILABLE",0,true,false,false,false,false,false,true,,,,,,,
3017363960254402560,83.81629020445422,-5.4049555642920195,1.5098294493893352,5.118427215164455,0.34819112670113633,1.5092142,17.664417,0.761569,,"NOT_AVAILABLE",0,false,false,false,false,false,false,true,,,,,,,
3017363960254402688,83.81496320062159,-5.4039605559852095,,,,,18.712029,0.7286577,,"NOT_AVAILABLE",0,false,false,false,false,false,false,false,,,,,,,
3017363960254405760,83.80834566529255,-5.400121666248335,,,,,19.444044,0.62502193,,"NOT_AVAILABLE",0,false,false,false,false,false,false,false,,,,,,,
3017363960254450944,83.81703985598152,-5.402297640474459,,,,,19.510134,,,"NOT_AVAILABLE",0,false,false,false,false,false,false,false,,,,,,,
3017363960254458112,83.81218577545211,-5.40357645515868,1.5794244941732971,-0.21047694542624176,-0.5059167154691127,1.6188143,16.085445,0.85681915,,"NOT_AVAILABLE",0,true,false,false,false,false,false,true,,,,,,,
3017363960254475904,83.81688224477178,-5.3950467814390555,,,,,19.438974,,,"NOT_AVAILABLE",0,false,false,false,false,false,false,false,,,,,,,
3017363960255155584,83.80547522504575,-5.398061837813185,,,,,18.126802,0.5636282,,"NOT_AVAILABLE",0,false,false,false,false,false,false,false,,,,,,,
3017363960255208704,83.81582135108386,-5.390711348107488,,,,,15.843557,0.68541336,,"NOT_AVAILABLE",0,false,false,false,false,false,false,false,,,,,,,
3017363990304314496,83.80117083050114,-5.3966742014747995,2.0506792945254446,1.9694766711271776,-8.35666975077491E-4,3.341514,13.527704,1.1202497,,"NOT_AVAILABLE",0,true,true,false,false,false,false,true,,,,,,,
3017363994598986496,83.79882604173376,-5.394551490928251,2.3546088949527797,1.2831500234813187,2.8717132665625256,0.47885254,15.937349,0.6096611,,"NOT_AVAILABLE",0,true,false,false,false,false,false,true,,,,,,,
3017363994602370048,83.79886700413496,-5.3976924180876305,2.2060350027112365,4.157118051840947,3.3135902124198986,0.4518693,17.153784,0.5674763,,"NOT_AVAILABLE",0,true,false,false,false,false,false,true,,,,,,,
3017363994602383616,83.79827980834148,-5.395617714705525,,,,,19.278633,0.5729437,,"NOT_AVAILABLE",0,false,false,false,false,false,false,false,,,,,,,
3017363994611283840,83.79472386938706,-5.395745162995736,2.9823814399371273,1.9957288940152895,0.7402605184445672,1.6691818,11.514204,1.7473679,23.204847,"NOT_AVAILABLE",0,true,true,false,false,false,false,true,5904.7705,3.3143,-4.1228,322.4771,2.6997,2.0945,1.1757
3017363994614283520,83.79256336111759,-5.389311810309433,2.2575560193792876,2.2161283058635597,-1.5961759766161865,0.96966964,16.507862,0.8046446,,"NOT_AVAILABLE",0,false,false,false,false,false,false,true,,,,,,,
3017364024664059264,83.80603161148471,-5.394521082798664,1.9904439476233229,1.2631527077711295,-0.7003493219049304,4.276293,14.139469,0.8464956,,"NOT_AVAILABLE",0,true,true,false,false,false,false,true,,,,,,,
3017364028958089088,83.80914764947872,-5.393048264760316,,,,,19.73669,,,"NOT_AVAILABLE",0,false,false,false,false,false,false,false,,,,,,,
3017364028960744704,83.81181175358992,-5.3877769878851645,2.712267456643581,1.3756948567616876,-2.1203456473172517,0.56679446,16.418736,0.6399288,,"NOT_AVAILABLE",0,false,false,false,false,false,false,true,,,,,,,
3017364028961454080,83.81135486875695,-5.389687403471102,3.6478780163152575,1.6887604883126073,1.059551731218513,0.40500945,16.383245,0.7067499,,"NOT_AVAILABLE",0,false,false,false,false,false,false,true,,,,,,,
3017364028970732160,83.80964335531756,-5.385640189205715,,,,,18.595913,0.6223068,,"NOT_AVAILABLE",0,false,false,false,false,false,false,false,,,,,,,
3017364028970863360,83.80803014898197,-5.388932435542551,2.2757445047288054,2.119558230743812,-0.0768528954055923,0.24811743,17.460384,0.58350086,,"NOT_AVAILABLE",0,false,false,false,false,false,false,true,,,,,,,
3017364028970884864,83.80999027193677,-5.392679580426604,2.3673619946075903,1.8972306233077953,-1.5673238897566792,0.7042285,13.8195505,0.87210274,,"NOT_AVAILABLE",0,false,false,false,false,false,false,true,,,,,,,
3017364028971010432,83.80250640762617,-5.395592118222918,2.5982652208516392,2.435704893152813,-1.289360178318204,0.9373533,12.155404,1.2073565,,"NOT_AVAILABLE",0,true,true,false,false,false,false,true,,,,,,,
3017364028971633792,83.80165330337742,-5.392245985750524,,,,,20.523378,,,"NOT_AVAILABLE",0,false,false,false,false,false,false,false,,,,,,,
3017364028973876992,83.80779988738897,-5.391217898869321,,,,,20.23655,0.50061226,,"NOT_AVAILABLE",0,false,false,false,false,false,false,false,,,,,,,
3017364028973886336,83.80634756578833,-5.384576894550246,2.952080010989151,3.645415884588365,-0.19234969626606574,1.0395466,17.49844,0.54752636,,"NOT_AVAILABLE",0,true,false,false,false,false,false,false,,,,,,,
3017364028973919616,83.80535951951123,-5.382737355627139,2.527566605483989,0.9622913466726685,0.6910187189935115,1.2677503,17.68163,0.49874973,,"NOT_AVAILABLE",0,false,false,false,false,false,false,false,,,,,,,
3017364028973922432,83.80637274398977,-5.3919057751023045,2.6663445896046047,1.6269085490625699,0.5059296830690218,0.9144342,15.576493,0.6581745,,"NOT_AVAILABLE",0,true,false,false,false,false,false,true,,,,,,,
3017364028973938816,83.81337731499805,-5.388552107119381,,,,,17.636887,0.6333504,,"NOT_AVAILABLE",0,false,false,false,false,false,false,false,,,,,,,
3017364028973944320,83.80452703113099,-5.381427524570048,3.6346330186855473,1.8532816924101831,3.161706022674814,1.160433,18.106556,0.5362282,,"NOT_AVAILABLE",0,false,false,false,false,false,false,false,,,,,,,
3017364028974020992,83.79721494538707,-5.390986189225596,,,,,19.736734,,,"NOT_AVAILABLE",0,false,false,false,false,false,false,false,,,,,,,
3017364028974021376,83.79595551287146,-5.390197661010613,,,,,19.937458,,,"NOT_AVAILABLE",0,false,false,false,false,false,false,false,,,,,,,
3017364028974021504,83.79564420411143,-5.390729269944374,,,,,19.16174,0.6133156,,"NOT_AVAILABLE",0,false,false,false,false,false,false,false,,,,,,,
3017364059023817600,83.82111568343005,-5.3927859169373225,1.9105108402878521,0.7326152562785355,0.9579832819657591,2.012305,12.461865,1.3140497,,"NOT_AVAILABLE",0,true,true,false,false,false,false,true,,,,,,,
3017364059023821696,83.82425650295863,-5.38766025236688,2.4683327369195913,0.15181528870613617,0.4285998235298536,0.7411461,14.363044,0.9084892,,"NOT_AVAILABLE",0,true,true,false,false,false,false,true,,,,,,,
3017364059023825280,83.8277828722774,-5.387206742045445,2.459700971258635,1.385338091307183,0.15025791525151452,1.4339302,13.942808,1.1556492,,"NOT_AVAILABLE",0,true,true,false,false,false,false,true,,,,,,,
3017364059023827968,83.82967815149979,-5.390859428953323,2.5206521851765706,0.8647202207764041,-0.9136241039996726,0.68678594,15.425092,0.91590786,,"NOT_AVAILABLE",0,false,false,false,false,false,false,true,,,,,,,
3017364063323044096,83.82615764833932,-5.385392337812864,,,,,17.239332,0.66108227,,"NOT_AVAILABLE",0,true,false,false,false,false,false,false,,,,,,,
3017364063323073664,83.82707564479864,-5.391475746870682,2.8644570034411205,0.5779648676416789,-0.126722274394891,0.30417395,17.811602,0.7540941,,"NOT_AVAILABLE",0,false,false,false,false,false,false,true,,,,,,,
3017364063323188864,83.81787564940761,-5.387930731009286,2.5922633226392517,2.086573681992549,0.013219759672145991,1.7116724,13.78664,0.6814766,,"NOT_AVAILABLE",0,false,false,false,false,false,false,true,,,,,,,
3017364063323198080,83.81600719040031,-5.3895761862999905,1.948603460369657,2.2892770933675055,-0.2432472761197931,1.629203,13.46608,0.98504066,,"VARIABLE",0,false,false,false,true,false,false,true,,,,,,,
3017364063323214720,83.82363746884243,-5.394685228627862,,,,,16.172184,0.72640514,,"NOT_AVAILABLE",0,false,false,false,false,false,false,false,,,,,,,
3017364063323216896,83.82411963571433,-5.395610264121524,,,,,17.222683,0.6571102,,"NOT_AVAILABLE",0,false,false,false,false,false,false,false,,,,,,,
3017364063325254528,83.826024784345,-5.387668531560137,2.7177820501323984,2.3579645165212604,0.7914775628450558,0.7919062,15.857067,0.7642708,,"NOT_AVAILABLE",0,true,false,false,false,false,false,true,,,,,,,
3017364063325260160,83.82317741792146,-5.390241292255675,,,,,16.0445,0.6682024,,"NOT_AVAILABLE",0,false,false,false,false,false,false,false,,,,,,,
3017364063325263360,83.82077028981396,-5.3936254324923105,1.8352527525489284,2.0663636975960995,0.6918754186115056,3.098451,14.259709,0.89761734,,"NOT_AVAILABLE",0,true,true,false,false,false,false,true,,,,,,,
3017364063327346560,83.82487871330537,-5.393169287744572,,,,,17.505259,0.7898855,,"NOT_AVAILABLE",0,false,false,false,false,false,false,false,,,,,,,
3017364063328048000,83.8227778025881,-5.389178084770669,2.1185970786996,0.7215584733427893,2.3928896555035926,0.8896296,14.625023,0.77395153,,"NOT_AVAILABLE",0,false,false,false,false,false,false,true,,,,,,,
3017364063330453504,83.8207525039792,-5.383596589014539,2.552744111544951,3.0241886635348627,1.164651749277738,0.8208975,13.923362,1.0491343,,"NOT_AVAILABLE",0,false,false,false,false,false,false,true,,,,,,,
3017364063330465152,83.82191416803892,-5.387934570131526,2.281957353550214,1.822222865724436,0.39285147041390367,1.1377641,6.5831623,0.2645073,,"NOT_AVAILABLE",0,true,true,false,false,false,false,true,,,,,,,
3017364063330467072,83.82586729318548,-5.39330708544099,2.532661254503038,1.5702260104644576,-0.03339653173161905,1.2800013,12.86054,1.5297823,,"NOT_AVAILABLE",0,true,true,false,false,false,false,true,,,,,,,
3017364063330467456,83.81925370397772,-5.387814981520032,,,,,15.92516,,,"NOT_AVAILABLE",0,false,false,false,false,false,false,false,,,,,,,
3017364063330718080,83.81861966629604,-5.389696084726389,2.5014467640373406,2.2616914190768007,0.9941797547090904,1.3582537,4.9609604,0.17255211,,"NOT_AVAILABLE",0,true,true,false,false,false,false,true,,,,,,,
3017364063331139968,83.82405105018002,-5.395175927068335,,,,,18.885704,,,"NOT_AVAILABLE",0,false,false,false,false,false,false,false,,,,,,,
3017364063331140224,83.81971981441534,-5.3903403413178115,2.5501664192769016,5.313589110753394,-1.7169472432913593,0.83188933,9.975762,0.40386868,,"VARIABLE",0,false,false,false,true,false,false,true,,,,,,,
3017364063331140352,83.81696161421256,-5.390100950836282,,,,,15.601755,0.64092255,,"NOT_AVAILABLE",0,false,false,false,false,false,false,false,,,,,,,
3017364063331460992,83.82221523167607,-5.394832219776681,2.7122322840542052,3.2735187921787223,-1.1570016739244542,1.0936661,17.12713,0.68226147,,"NOT_AVAILABLE",0,false,false,false,false,false,false,true,,,,,,,
3017364063331576192,83.81980410145638,-5.3878993462393066,,,,,13.797343,,,"NOT_AVAILABLE",0,false,false,false,false,false,false,false,,,,,,,
3017364063331576704,83.82446779447737,-5.384202963385113,2.6570281094810793,2.920606440216159,-0.8561983980281876,0.80366284,16.087019,0.63599205,,"NOT_AVAILABLE",0,false,false,false,false,false,false,true,,,,,,,
3017364063333443328,83.82794194334251,-5.38244858229181,2.4702426044569368,1.015517576614403,1.9719358461262828,1.0219564,14.418281,1.2045021,,"NOT_AVAILABLE",0,true,true,false,false,false,false,true,,,,,,,
3017364063333446144,83.83548658502764,-5.389711782454427,4.059977298053004,2.5938293908205994,4.046775701143615,1.0564666,19.056559,0.91281796,,"NOT_AVAILABLE",0,false,false,false,false,false,false,false,,,,,,,
3017364063333454336,83.82317676277846,-5.382438519971905,4.703554100195522,3.720036010450686,-0.2913555276363903,9.834705,14.009867,1.1064997,,"NOT_AVAILABLE",0,true,true,false,false,false,false,true,,,,,,,
3017364063333461376,83.82864976201583,-5.391351274647302,2.470677161869801,0.2772239278086071,1.3012230072689428,1.1116718,16.58744,0.8984127,,"NOT_AVAILABLE",0,true,false,false,false,false,false,true,,,,,,,
3017364063333461888,83.82904634447138,-5.3894458729233135,3.7251385343026175,2.2087048921676242,-1.8036517294814582,0.9825635,18.987944,0.7169361,,"NOT_AVAILABLE",0,false,false,false,false,false,false,false,,,,,,,
3017364063333462272,83.82518622671289,-5.391870772084481,,,,,17.389359,0.7629528,,"NOT_AVAILABLE",0,false,false,false,false,false,false,false,,,,,,,
3017364063333611008,83.82020008173669,-5.390633911732015,,,,,15.177364,,,"NOT_AVAILABLE",0,false,false,false,false,false,false,false,,,,,,,
3017364093383566464,83.82975622783046,-5.376260013105633,,,,,19.175833,1.440176,,"NOT_AVAILABLE",0,false,false,false,false,false,false,false,,,,,,,
3017364093383570944,83.83398842616768,-5.374520876919854,,,,,18.653753,1.000062,,"NOT_AVAILABLE",0,false,false,false,false,false,false,false,,,,,,,
3017364093383572736,83.83600568128654,-5.379320482366819,2.517585236031938,3.101823932131656,0.26385149914724243,1.0404136,17.980162,1.0975332,,"NOT_AVAILABLE",0,false,false,false,false,false,false,true,,,,,,,
3017364093383573248,83.83630670253348,-5.375408676142038,1.7623243201492773,1.3132406337864362,0.5899262724813866,1.067991,17.906166,1.0114269,,"NOT_AVAILABLE",0,true,false,false,false,false,false,true,,,,,,,
3017364093383574784,83.83764936643466,-5.373663970808408,3.096319392693863,1.8675216246703745,3.0400747826550907,0.93654895,18.228045,1.1984377,,"NOT_AVAILABLE",0,false,false,false,false,false,false,true,,,,,,,
3017364093383575296,83.83853183338577,-5.383190028477674,2.3455670706014216,0.38408075015247417,1.8972862328258426,0.6900594,16.836515,1.1322813,,"NOT_AVAILABLE",0,true,false,false,false,false,false,true,,,,,,,
3017364097682700672,83.83407907045587,-5.385724374834192,,,,,17.529606,0.9465666,,"NOT_AVAILABLE",0,true,false,false,false,false,false,false,,,,,,,
3017364097684955520,83.83756626688145,-5.373018249249291,,,,,18.86906,,,"NOT_AVAILABLE",0,false,false,false,false,false,false,false,,,,,,,
3017364097690160000,83.84219486720579,-5.376131048646686,2.362678812413639,0.738122730801318,2.440893109641684,0.7273677,17.442022,1.0869493,,"NOT_AVAILABLE",0,true,false,false,false,false,false,true,,,,,,,
3017364097690174976,83.83595876625078,-5.382132671161219,,,,,19.002666,1.2655373,,"NOT_AVAILABLE",0,false,false,false,false,false,false,false,,,,,,,
3017364097690179712,83.83005437467718,-5.380744905449294,2.570881650733142,0.4980565731572252,-0.06191621423756519,0.7871414,15.55644,1.1250849,,"NOT_AVAILABLE",0,true,false,false,false,false,false,true,,,,,,,
3017364097693114624,83.84096290948426,-5.377847906498625,2.8350559034543195,0.23635911693337755,1.549536863991655,1.1736114,18.437204,0.97252655,,"NOT_AVAILABLE",0,false,false,false,false,false,false,false,,,,,,,
3017364097694108416,83.83346249867232,-5.374003655785997,2.645286118835104,1.0232276381148135,-1.0406433072235897,0.97772044,18.137789,0.9773531,,"NOT_AVAILABLE",0,false,false,false,false,false,false,true,,,,,,,
3017364127743286400,83.81393877729005,-5.3709877820570755,1.7733024303426168,0.5631968515765106,1.1919871307337044,11.9607115,13.829352,1.3143082,,"NOT_AVAILABLE",0,true,true,false,false,false,false,true,,,,,,,
3017364127743287680,83.81452836601125,-5.380162271895969,2.4771766797675503,1.757107361283469,-0.24123780194035874,0.7713367,14.55454,0.93677425,,"NOT_AVAILABLE",0,true,true,false,false,false,false,true,,,,,,,
3017364127743288320,83.81515197954046,-5.382342782338436,2.511309439656208,1.1072892451510867,1.5235411526880989,0.9978621,12.260441,1.441617,,"NOT_AVAILABLE",0,true,true,false,false,false,false,true,,,,,,,
3017364127743288704,83.81572342687424,-5.386075095752201,2.6110427129298786,1.3449391843971354,1.1857486937168826,1.4954784,9.685971,1.3687611,,"NOT_AVAILABLE",0,false,false,false,false,false,false,true,,,,,,,
3017364127743289600,83.81642525143957,-5.372521849281359,2.5032321056725615,-0.2791687416331926,-0.859709583584512,0.7067584,15.468617,0.9370508,,"NOT_AVAILABLE",0,true,false,false,false,false,false,true,,,,,,,
3017364127743294080,83.8208668227851,-5.375836473260476,2.5025264822439723,1.7027453061862727,0.9552388727793802,0.87701845,13.576812,1.1402922,,"NOT_AVAILABLE",0,true,true,false,false,false,false,true,,,,,,,
3017364127743299328,83.82480220579107,-5.379287168699112,2.484119772088328,3.9710952913246835,2.7439270645359444,1.5042489,11.430308,1.6471167,,"NOT_AVAILABLE",0,true,true,false,false,false,false,true,,,,,,,
3017364132037143424,83.82071518255692,-5.380146933032257,4.442543414954264,0.08447286709873851,2.5269938520043933,0.55911064,17.151865,0.71498394,,"NOT_AVAILABLE",0,false,false,false,false,false,false,false,,,,,,,
3017364132037302912,83.81413150904388,-5.377803173787407,,,,,18.810139,0.5608711,,"NOT_AVAILABLE",0,false,false,false,false,false,false,false,,,,,,,
3017364132037603584,83.81914879035313,-5.3806480961496,,,,,18.94674,0.75356483,,"NOT_AVAILABLE",0,false,false,false,false,false,false,false,,,,,,,
3017364132038060032,83.81261610556282,-5.375309613036036,1.9682527856941816,-0.6257823194011276,-2.6595271920805197,0.34733403,17.571455,0.7655573,,"NOT_AVAILABLE",0,false,false,false,false,false,false,true,,,,,,,
3017364132039148544,83.81170668877664,-5.384657222245776,,,,,18.301113,0.56614876,,"NOT_AVAILABLE",0,false,false,false,false,false,false,false,,,,,,,
3017364132040203520,83.81335105134437,-5.3733500633335565,2.5469140897953166,0.4080051452561431,0.1596808763127234,0.7516264,14.375042,1.0093946,,"NOT_AVAILABLE",0,true,true,false,false,false,false,true,,,,,,,
3017364132041551744,83.80869728810603,-5.376808925517627,2.2865745418807655,1.396835424326557,0.48968960686541557,0.8822775,14.615111,0.913949,,"NOT_AVAILABLE",0,true,true,false,false,false,false,true,,,,,,,
3017364132041596288,83.82133788812692,-5.380573785031783,2.5220116732387408,1.3892173711076459,0.3474496898856783,0.6068115,15.699791,0.7933245,,"NOT_AVAILABLE",0,true,false,false,false,false,false,true,,,,,,,
3017364132041614208,83.82354696910748,-5.3810197668862445,,,,,18.0289,0.72136784,,"NOT_AVAILABLE",0,false,false,false,false,false,false,false,,,,,,,
3017364132041626112,83.81818952948471,-5.375129623690621,,,,,20.263275,,,"NOT_AVAILABLE",0,false,false,false,false,false,false,false,,,,,,,
3017364132042663936,83.81331613115422,-5.38176207968437,2.4410755967006037,2.1392064008652727,-0.037126320023669106,1.0866907,14.005997,0.93130016,,"NOT_AVAILABLE",0,false,false,false,false,false,false,true,,,,,,,
3017364132046212224,83.81616583005939,-5.383875856402244,2.4850858975290047,1.5897037372081273,-1.7354233922099813,0.74010867,14.650467,0.9043274,,"NOT_AVAILABLE",0,true,true,false,false,false,false,true,,,,,,,
3017364132048869248,83.82230569534364,-5.376591559561622,3.081175400478883,0.8720493102242509,0.33406276304587545,2.6691868,14.511339,0.8660097,,"NOT_AVAILABLE",0,true,true,false,false,false,false,true,,,,,,,
3017364132048871168,83.8110699681036,-5.376040828320598,2.282490790505392,1.0839858095210606,-0.21750777575022665,0.8028087,13.555621,1.1917791,,"NOT_AVAILABLE",0,true,true,false,false,false,false,true,,,,,,,
3017364132049496832,83.81407943525593,-5.373716953105686,-2.522267772278497,-0.30376887295249677,-0.36922486113109654,5.186556,15.958529,0.9613161,,"NOT_AVAILABLE",0,false,false,false,false,false,false,true,,,,,,,
3017364132049929984,83.81599496594592,-5.379410917985397,2.6810133971519075,1.2457548997163848,-2.360271593958057,0.52338904,15.354438,0.7947197,,"NOT_AVAILABLE",0,true,false,false,false,false,false,true,,,,,,,
3017364132049943680,83.81723065378024,-5.385212219941472,2.654763675820139,1.2795475147661837,1.2782788761643131,1.4557229,7.8315516,0.5327196,,"VARIABLE",0,true,true,false,true,false,false,true,,,,,,,
3017364132050194688,83.81594522278877,-5.387314082958133,2.6426952032105238,1.355206682579399,0.2500517675682431,1.4848971,6.6275396,0.15438032,,"NOT_AVAILABLE",0,true,true,false,false,false,false,true,,,,,,,
3017364132050195072,83.81111277070461,-5.383843870918766,3.0668778747552548,2.0801934813478393,-1.4600322413190314,0.28416348,16.970224,0.7125025,,"NOT_AVAILABLE",0,false,false,false,false,false,false,true,,,,,,,
3017364132050199936,83.80463535248292,-5.379764518685865,,,,,18.700487,0.46867466,,"NOT_AVAILABLE",0,false,false,false,false,false,false,false,,,,,,,
3017364132051054080,83.81126047098843,-5.38186792443519,,,,,20.19725,0.6035118,,"NOT_AVAILABLE",0,false,false,false,false,false,false,false,,,,,,,
3017364132052221824,83.81195339493193,-5.375439815073001,2.903543641138608,2.0454751945000162,0.6628046221000231,1.0318831,16.270496,0.80836487,,"NOT_AVAILABLE",0,true,false,false,false,false,false,true,,,,,,,
3017364132052912640,83.81974412500412,-5.375344656456105,2.5297227127071404,2.3875378020606326,0.6604347758519302,1.0008912,16.560125,0.8110094,,"NOT_AVAILABLE",0,true,false,false,false,false,false,true,,,,,,,
3017364132052912768,83.81746545055917,-5.377073167366527,2.519378940116038,1.0678124249290264,-0.08093936035108798,1.0837072,16.721542,0.6778431,,"NOT_AVAILABLE",0,true,false,false,false,false,false,true,,,,,,,
3017364132052914560,83.81619444464803,-5.375884083156537,2.7811183533889983,1.8384796991510501,0.5333902194997969,0.90278924,17.863148,0.7806158,,"NOT_AVAILABLE",0,false,false,false,false,false,false,true,,,,,,,
3017364132052915456,83.8187202156062,-5.376427200745874,3.0953073750766698,1.0659622456718316,0.020690629414259847,0.91773194,17.451014,0.74824905,,"NOT_AVAILABLE",0,true,false,false,false,false,false,true,,,,,,,
3017364132052919296,83.81792962844384,-5.373323490791097,2.4860394867996156,0.7708586609081347,-0.9125635610454013,0.99333006,18.221535,0.82825375,,"NOT_AVAILABLE",0,false,false,false,false,false,false,true,,,,,,,
3017364132052934656,83.81808976776595,-5.380297028090847,2.496543466554863,2.783985823250157,-0.37998741533561,1.0254285,15.517311,0.79134655,,"NOT_AVAILABLE",0,true,false,false,false,false,false,true,,,,,,,
3017364132053145600,83.80900704961745,-5.38370690398249,,,,,16.86491,0.67644215,,"NOT_AVAILABLE",0,false,false,false,false,false,false,false,,,,,,,
3017364132053654656,83.822855541128,-5.380911666126815,3.71035929853077,5.694654060728142,3.6523765236257235,1.3699143,17.282623,0.7387552,,"NOT_AVAILABLE",0,false,false,false,false,false,false,true,,,,,,,
3017364162103031424,83.82038646740848,-5.372902911941529,2.431195753857246,1.0767901420257202,-0.6002017673484131,0.91413164,13.842974,1.1997662,,"NOT_AVAILABLE",0,true,true,false,false,false,false,true,,,,,,,
3017364162103039104,83.8265536424825,-5.377063208196397,2.569511892074737,2.147340552403645,0.7831307292898501,1.0399878,12.350795,1.4903955,,"NOT_AVAILABLE",0,true,true,false,false,false,false,true,,,,,,,
3017364162103041280,83.82816736885891,-5.367263109749545,2.5543311239626756,2.3874986237448517,-0.4278067193886248,0.74026185,15.638585,1.1240082,,"NOT_AVAILABLE",0,true,false,false,false,false,false,true,,,,,,,
3017364162103041536,83.8285225090049,-5.373054644038938,,,,,18.622013,0.8661728,,"NOT_AVAILABLE",0,false,false,false,false,false,false,false,,,,,,,
3017364162103044480,83.83111344724395,-5.372691029046171,2.640722903516161,2.0219387563022533,0.5004736354829853,0.83177596,18.421253,1.0344219,,"NOT_AVAILABLE",0,false,false,false,false,false,false,false,,,,,,,
3017364162103048704,83.8349995930925,-5.370452342752645,2.429382482204894,2.0154278756893813,0.49045778381478056,0.8819449,14.956965,1.3962011,,"NOT_AVAILABLE",0,true,true,false,false,false,false,true,,,,,,,
3017364166396965120,83.8251277173023,-5.368165405841018,2.5520226320703356,3.1172364396031687,-2.075873625828284,0.7949559,16.697695,0.9400387,,"NOT_AVAILABLE",0,true,false,false,false,false,false,true,,,,,,,
3017364166400525568,83.82337789721524,-5.364946221642171,,,,,19.612667,0.93237877,,"NOT_AVAILABLE",0,false,false,false,false,false,false,false,,,,,,,
3017364166401410944,83.81714059895715,-5.370138598522483,3.2820517717354427,2.0176931693196796,-0.2630036995273817,0.6174799,17.731533,0.8184004,,"NOT_AVAILABLE",0,false,false,false,false,false,false,true,,,,,,,
3017364166401422336,83.81792355034082,-5.369518495782591,2.1864653480779404,1.8892512573566305,-2.5104400375708864,0.75973797,17.094326,0.84598064,,"NOT_AVAILABLE",0,true,false,false,false,false,false,true,,,,,,,
3017364166402127744,83.82356150716164,-5.368851795828915,2.5729753916117177,0.023478058122326464,-1.0186822081374225,1.1054374,18.21045,0.8181114,,"NOT_AVAILABLE",0,false,false,false,false,false,false,true,,,,,,,
3017364166409652864,83.8205519153375,-5.369397501776604,,,,,19.412529,0.74088,,"NOT_AVAILABLE",0,false,false,false,false,false,false,false,,,,,,,
3017364166409656320,83.82030668161848,-5.371783540874923,,,,,20.019386,,,"NOT_AVAILABLE",0,false,false,false,false,false,false,false,,,,,,,
3017364166409660160,83.81796112191101,-5.372642851182597,2.9456064626560434,0.9321679198010996,-0.8466527918901419,0.37923533,17.66094,0.7900219,,"NOT_AVAILABLE",0,false,false,false,false,false,false,true,,,,,,,
3017364166410348032,83.8325984728223,-5.372650478462438,2.747125429651445,1.7299040589129169,3.01552021232012,0.7401864,16.212477,1.048522,,"NOT_AVAILABLE",0,false,false,false,false,false,false,true,,,,,,,
3017364166410351232,83.82058686069891,-5.372388357972855,4.399030797300072,3.7595125674330334,1.536733124425011,0.33117026,18.245367,,,"NOT_AVAILABLE",0,false,false,false,false,false,false,false,,,,,,,
3017364166410582272,83.82897518935755,-5.371877379355666,2.5268698323980154,1.0041954709708567,-0.4763920852094461,0.67006385,16.573006,0.98450184,,"NOT_AVAILABLE",0,true,false,false,false,false,false,true,,,,,,,
3017364235119025920,83.79277090647605,-5.387870833406869,,,,,19.49948,,,"NOT_AVAILABLE",0,false,false,false,false,false,false,false,,,,,,,
3017364235129246464,83.7954425110328,-5.379543127325116,5.201042339783483,1.8214413113686987,1.4495214270127115,0.56810904,17.945044,0.5212536,,"NOT_AVAILABLE",0,false,false,false,false,false,false,false,,,,,,,
3017364235129287296,83.79766454818687,-5.383932493422106,,,,,20.35308,0.5036173,,"NOT_AVAILABLE",0,false,false,false,false,false,false,false,,,,,,,
3017364235132341632,83.79990004110613,-5.3817094283005735,,,,,18.435642,0.50425434,,"NOT_AVAILABLE",0,false,false,false,false,false,false,false,,,,,,,
3017364235132349952,83.79847221136575,-5.380988926474645,2.5573257659981303,1.6158200202620618,0.4331502553743137,0.8266727,16.979706,0.6156025,,"NOT_AVAILABLE",0,true,false,false,false,false,false,true,,,,,,,
3017364235132361216,83.79822520707282,-5.381741604555803,,,,,19.320229,,,"NOT_AVAILABLE",0,false,false,false,false,false,false,false,,,,,,,
3017364235133113600,83.79520288312874,-5.377995632930424,,,,,19.247444,0.5435114,,"NOT_AVAILABLE",0,false,false,false,false,false,false,false,,,,,,,
3017364333901702272,83.8043710181186,-5.370868334663086,4.682978951631296,-0.5471511964210183,4.912242721191123,2.0561354,15.836161,0.93081856,,"NOT_AVAILABLE",0,true,false,false,false,false,false,true,,,,,,,
3017364333901703296,83.80489875001774,-5.372540695877029,-2.237852115525055,-5.014893723530947,-5.001066018638578,1.692288,16.64493,0.88818836,,"NOT_AVAILABLE",0,true,false,false,false,false,false,true,,,,,,,
3017364333901704320,83.80568531438762,-5.373927035457357,2.2936427190972934,4.129614961386183,1.0120055321514405,0.61862457,16.238068,0.81548786,,"NOT_AVAILABLE",0,true,false,false,false,false,false,true,,,,,,,
3017364338195196544,83.80751640903672,-5.366579532819489,,,,,19.65401,,,"NOT_AVAILABLE",0,false,false,false,false,false,false,false,,,,,,,
3017364338200035456,83.80757127762692,-5.3674406152542,2.103053146715957,2.3676626973554624,1.0215964163006956,0.44821966,17.704163,0.7248354,,"NOT_AVAILABLE",0,false,false,false,false,false,false,true,,,,,,,
3017364338207926144,83.81005291825565,-5.372782049877113,,,,,20.938223,0.6749878,,"NOT_AVAILABLE",0,false,false,false,false,false,false,false,,,,,,,
3017364338208352128,83.81092393387922,-5.366923391426479,,,,,18.957464,0.7410221,,"NOT_AVAILABLE",0,false,false,false,false,false,false,false,,,,,,,
3017364338208357120,83.80750023691803,-5.368619003158492,2.4839067837588273,0.1414336654651564,-0.3544525090758443,0.9953592,13.654493,1.3380451,,"NOT_AVAILABLE",0,true,true,false,false,false,false,true,,,,,,,
3017364338208366976,83.80726364699223,-5.372774677990619,2.4205745055076675,1.0055298499941743,-1.039982643638526,0.59280646,15.207661,0.9640436,,"NOT_AVAILABLE",0,true,false,false,false,false,false,true,,,,,,,
3017364338208367360,83.80633363246662,-5.372099169452828,2.568408095480068,1.0539824221585172,-0.2905546508005723,0.73325753,14.836786,1.0425472,,"NOT_AVAILABLE",0,true,true,false,false,false,false,true,,,,,,,
3017364338210673664,83.80966082390555,-5.367843232030475,,,,,18.653475,0.7959919,,"NOT_AVAILABLE",0,false,false,false,false,false,false,false,,,,,,,
3017364338210682624,83.81053841675327,-5.368491420651973,2.3673382167762402,2.345085441707458,1.1849540184521477,0.90371966,17.004847,0.8562498,,"VARIABLE",0,true,false,false,true,false,false,true,,,,,,,
3017364338212091520,83.80462724124347,-5.376938333112769,,,,,20.377634,0.67967606,,"NOT_AVAILABLE",0,false,false,false,false,false,false,false,,,,,,,
3017364368261465728,83.82313050355438,-5.362635946459102,3.278736790187533,4.384613703114628,3.037873649705044,2.8943152,16.016756,0.9702492,,"NOT_AVAILABLE",0,true,false,false,false,false,false,true,,,,,,,
3017364372554790912,83.81667581563453,-5.3630596283527385,2.5837505420120097,1.3158296486816332,-0.07430263747745719,0.53692025,16.400473,0.84181595,,"NOT_AVAILABLE",0,true,false,false,false,false,false,true,,,,,,,
3017364372568073472,83.82074674470765,-5.362586579963511,2.5043778052840087,0.8506795620983224,1.6012295428589676,0.8738016,10.342867,0.64891434,18.511078,"NOT_AVAILABLE",0,true,true,false,false,false,false,true,,,,,,,
3017364372568075008,83.81360746940229,-5.365461962072487,,,,,19.652327,0.71957207,,"NOT_AVAILABLE",0,false,false,false,false,false,false,false,,,,,,,
3017364372568087808,83.81247419236836,-5.366640540362355,2.4172156867774826,4.464835008641355,1.0787578095471304,0.9191526,13.53557,1.2812338,,"NOT_AVAILABLE",0,true,true,false,false,false,false,true,,,,,,,
3017364372570385920,83.81826179431877,-5.364061724771504,3.3195098652704047,0.7977876360686047,1.101416729635448,0.9914654,17.79978,0.765378,,"NOT_AVAILABLE",0,false,false,false,false,false,false,false,,,,,,,
3017364372571026816,83.82041590083361,-5.364677943932131,,,,,20.89294,,,"NOT_AVAILABLE",0,false,false,false,false,false,false,false,,,,,,,
3017365575145906560,83.83874915369566,-5.371012845431344,,,,,18.861097,1.1002893,,"NOT_AVAILABLE",0,false,false,false,false,false,false,false,,,,,,,
3017365643870353920,83.83570781995115,-5.367308937069818,,,,,20.68935,,,"NOT_AVAILABLE",0,false,false,false,false,false,false,false,,,,,,,
